Timestamp,Email address,Club Name (As during Registration) ,Category of the Club ,Name of the President / POC,Attach Club logo (if any),What is the club about? ,  What is its main purpose?  ,  What does it offer students?  ,What makes the club unique? ,Which of the following activities does your club conduct? Select all that apply.  ,  How Often Does the Club Conduct Activities?  ,Additional Comments: ,"Who Are We Looking For? 

Describe the type of students who would enjoy or benefit from joining your club.
Consider mentioning:
Interests 
Skills 
Personality traits 
Willingness to participate 
Areas students can explore",  Who Can Apply?  ,  Is Prior Experience Required?  ,"Minimum Skill Requirement  

If applicable, mention any minimum skills or knowledge students should have before applying.", Does the Club Have a Selection Process?  ,Selection Method  ,What Will Applicants be evaluated On?,"Briefly Describe the Selection Process

Explain how the selection process works and what applicants can expect.  ",Expected Time Commitment  ,Are Members Expected to Attend Regular Meetings?  ,Are Members Expected to Participate in Competitions / Events?  ,"Any Major Achievements?  

Mention notable achievements, competitions, awards, collaborations, events, or recognitions, if applicable.  ","Social Media / Website  

Enter the club's official Instagram, LinkedIn, website, or other relevant link(s), if applicable.  ","Additional Information  

Is there anything else students should know about the club?",Please review the information provided and confirm that the details submitted accurately represent the club and its current functioning.  
06/09/2026 16:53:24,akshata.n-28@scds.saiuniversity.edu.in,Animal Welfare Society ,Environment & Social Responsibility,Akshata Nagaraj ,,Protecting and caring for animals,Helping the puppies on campus,"A chance to bond with animals, volunteer at shelters","You'll get to play with the puppies, and also visit local shelters ","Workshops, Field Visits, Campaigns / Awareness Activities",Monthly,,"Animal lovers who care about animal welfare
Compassionate and responsible students
Students interested in animal behaviour and care
Proactive and willing to volunteer
Students who enjoy teamwork and community activities
Creative students interested in awareness campaigns, social media, and events",Open to All Students,"No, beginners are welcome",,No — Open Membership,,Commitment / Availability,,Varies depending on events,Only during events/projects,Encouraged but not mandatory,,https://www.instagram.com/saiuanimalwelfaresociety?stkn=MnVyYWNncjVyM3R5,,"I confirm that the information provided above is accurate and represents the current activities, eligibility requirements, and selection process of the club."
06/09/2026 17:42:58,sai.k-28@scds.saiuniversity.edu.in,SaiU Chess Club,"Sports, Physical Activities & Games",Sai Kokkula ,https://drive.google.com/open?id=1zn4HV4Y2YPaWDqemRxBfVxsQ32uQkUuN,"A community for chess enthusiasts to play, learn, compete and enjoy the game together.",To improve strategic thinking and chess skills while encouraging healthy competition and teamwork.,"Regular games, practice sessions, tournaments and opportunities to learn from fellow players. ","Chess is a game where the mind takes the lead. It challenges your thinking, strategy and decision-making with every move.","Workshops, Competitions / Hackatons, Training Sessions, Events, Discussions, Inter-College Events, Internal College Events",Bi-Weekly,N/A,"We are looking for students who are interested in chess and enjoy strategic thinking, problem-solving and friendly competition. Students of all skill levels are welcomed, from beginners to experienced players. A willingness to learn, participate and improve is all that’s required.",Open to All Students,"No, beginners are welcome",N/A,No — Open Membership,,,,1–2 hours per week,Depends on the activity,Encouraged but not mandatory,N/A,https://chat.whatsapp.com/EgUqiLPhitgL1TGOF3gUBc?s=cl&p=a&mlu=4&ilr=4,"I’m Sai Kokkula, the newly appointed President, and I’ll make sure the Chess club gets the time and attention it deserves. Sai Sadhvik is our Vice President, and Chaturved is our Head Coach and Secretary. Together, we’ll work to make the club active, welcoming and enjoyable for everyone.","I confirm that the information provided above is accurate and represents the current activities, eligibility requirements, and selection process of the club."
06/09/2026 19:08:00,astronomyclub@saiuniversity.edu.in,Accretion,"Science, Space & Innovation",Sai Pavani V,https://drive.google.com/open?id=1xZ3LIPLz8FVVVkLdRZr_htzq6hiz9JRq,"Accretion is the Astronomy Club of Sai University, created for students who are curious about the universe and want to explore astronomy and astrophysics beyond the classroom. The club brings together students with different levels of knowledge from those who simply enjoy looking at the night sky to those interested in the science behind stars, galaxies, black holes, and the universe itself. Through stargazing sessions, guest lectures, discussions, movie screenings, student-led talks, field trips, and astronomy-related activities, the club provides a space to learn, explore, and share our fascination with space.
","The main purpose of Accretion is to cultivate curiosity and scientific interest in astronomy and astrophysics among students. The club aims to make astronomy accessible and engaging while encouraging students to explore questions about the universe, develop observational skills, learn from experts, and engage in meaningful discussions with fellow enthusiasts. It also provides opportunities for students to share their own knowledge, experiences, and interests in astronomy.
","Students can expect a mix of hands-on experiences, learning opportunities, and informal activities. These include stargazing and Moon-gazing sessions using the club's telescope and binoculars, talks and seminars by astronomers and astrophysicists, student-led discussions, astronomy-themed movie screenings, and opportunities to attend astronomy-related events and field trips. Members can also contribute to astronomy discussions, share their own knowledge and experiences, and potentially participate in projects such as the club newsletter. Most importantly, the club offers a community of students who are genuinely curious about space and enjoy learning together.
","What makes Accretion unique is that it combines scientific learning with direct experiences of the night sky. Rather than limiting astronomy to lectures and discussions, the club gives students opportunities to actually observe celestial objects through its telescope and binoculars, interact with researchers and experts, and experience astronomy beyond campus through activities such as the visit to the Satish Dhawan Space Centre to witness a live rocket launch. The club also encourages students to become contributors—not just participants through member-led talks, discussions, writing, and other astronomy-related initiatives. It is a space where curiosity about the universe can turn into genuine exploration.
","Workshops, Competitions / Hackatons, Events, Talks/Guests Sessions",Monthly,"What makes Accretion unique is its involvement in the wider astronomy community beyond Sai University. The club is part of the core committee of ISAAC (Indian Synergy of Astronomy and Astrophysics Clubs), a pan-India collaboration connecting astronomy and astrophysics clubs across the country. As active members, we are currently contributing to the development of the ISAAC website and collaborating with other student astronomy communities.

The club has also received recognition beyond campus, with Accretion being featured in the June edition of Maan Ki Baat magazine. Alongside our stargazing sessions, expert talks, student-led discussions, field trips, and other activities, these initiatives give our members opportunities to engage with a broader astronomy community and contribute to it themselves.
","We are looking for students who are curious about the universe and interested in exploring astronomy and astrophysics, regardless of their academic background or level of prior knowledge. You do not need to be an expert or have a background in physics to be part of Accretion.

Students who enjoy asking questions, observing the night sky, learning about space, participating in discussions, attending talks, or simply exploring something new will find a place in the club. Members can also explore areas such as observational astronomy, astrophysics, space science, astrophotography, scientific communication, and astronomy-related research and events.

Most importantly, we are looking for students who are willing to participate, learn, share their interests, and explore alongside others.
","Open to All Students, First-Year Students, Second-Year Students, Third-Year Students, Final-Year Students","No, beginners are welcome","No minimum technical skills or prior knowledge are required. An interest in astronomy and a willingness to learn and participate are the only requirements. Students with prior knowledge or experience in astronomy, physics, astrophotography, observation, or related areas are welcome to share their knowledge with other members, but it is not mandatory.
",Yes,Interview / Interaction,Interest/ Commitment/ Availability,"After submitting the official Club Selection Form, shortlisted applicants will have a short, informal interaction with the club team. The interaction is not a test of technical knowledge. Instead, it is an opportunity for applicants to tell us why they would like to join Accretion, what interests them about astronomy or astrophysics, and what they hope to explore or contribute to the club.

We will primarily look for genuine curiosity, motivation, willingness to learn, communication, and interest in participating in club activities. Prior experience or technical knowledge is not required and will not be a deciding factor for beginners. Applicants can simply come prepared to have a conversation about their interests and enthusiasm for astronomy.
",Less than 1 hour per week,Yes,Yes,"Pan-India Collaboration: Accretion is a part of the core committee of ISAAC (Indian Synergy of Astronomy and Astrophysics Clubs), a pan-India collaboration connecting student astronomy and astrophysics clubs. The club actively contributes to the development of the ISAAC website and collaborates with astronomy communities across India.
Satish Dhawan Space Centre Visit: Organised a field trip to the Satish Dhawan Space Centre (SDSC), Sriharikota, where club members had the opportunity to witness a live rocket launch.
Maan Ki Baat Magazine Feature: Accretion was featured in the June edition of Maan Ki Baat magazine, providing recognition for the club's activities and initiatives.
Astronomy Newsletter: Accretion was the only club on campus to publish a monthly astronomy-focused newsletter, featuring recent discoveries, upcoming celestial events, member contributions, and space-science content.
Expert Engagement: The club has hosted talks and lectures involving astronomers and astrophysicists on topics ranging from observing the night sky to black holes and gravitational waves.
",N/A — Official social media/website currently being updated.,"Accretion welcomes students from **all academic backgrounds and years**, and no prior knowledge of astronomy or astrophysics is required. The club is as much about curiosity as it is about scientific knowledge. Whether you are already familiar with astrophysics or have simply looked up at the night sky and wanted to understand what you were seeing, there is a place for you here.

Members can expect opportunities to **observe, learn, discuss, create, and contribute** through activities ranging from stargazing and expert talks to student-led sessions, astronomy events, field trips, and collaborations with other astronomy clubs across India.

Most importantly, Accretion is a community for students who are curious about the universe and want to explore it together.
","I confirm that the information provided above is accurate and represents the current activities, eligibility requirements, and selection process of the club."
06/09/2026 21:45:37,vaibhav.b-29@scds.saiuniversity.edu.in,FOSS Club,Technology & Computing,B.Vaibhav,https://drive.google.com/drive/folders/1eZ62a8z7ilpYAZxtgpvbedCNmiM3ameE?usp=sharing,"Sai University’s FOSS Club is a student-led community focused on Free and Open Source Software. It brings students together to learn, build, collaborate, and contribute to open-source projects while promoting knowledge sharing and the principles of the Digital Commons.","The main purpose of the club is to create an active open-source community at Sai University where students can develop technical skills, learn from one another, work on meaningful projects, and contribute to the wider FOSS ecosystem.","The club offers peer-to-peer learning, technical workshops, talks, hands-on sessions, collaborative projects, mentorship, networking opportunities, and chances to participate in open-source events and communities.","The club is unique because it focuses on learning by building and sharing knowledge openly. It welcomes students from different backgrounds and encourages collaboration, mentorship, creativity, and contributions beyond just writing code, including documentation, design, research, and community building.","Workshops, Competitions / Hackatons, Training Sessions, Events, Talks/Guests Sessions, Projects, Internal College Events",Bi-Weekly,,"We are looking for students who are curious about technology, open-source software, and collaborative learning. You do not need to be an experienced programmer to join. Students interested in coding, web and app development, artificial intelligence, cybersecurity, Linux, design, documentation, research, or community building are welcome.
The club is ideal for individuals who are willing to learn, share knowledge, work in teams, ask questions, and contribute consistently. Students can explore technical projects, open-source contributions, peer learning, workshops, hackathons, mentorship, and opportunities to collaborate with the wider FOSS community.",Open to All Students,"No, beginners are welcome",,No — Open Membership,,,,Less than 1 hour per week,Yes,Yes,"The Sai University FOSS Club has conducted a series of technical, interdisciplinary, and community-focused events during 2025–2026. These include the club launch, Git and GitHub Workshop, Linux Command Line Workshop, sessions on the legal and antitrust implications of FOSS, an 'AlphaFold and protein-folding session', and the “Beyond the Syllabus: Open Source Workshop.”

These events have helped students explore open-source tools, software development, Linux, science, law, and collaborative learning through both in-person and online sessions.",Instagram : https://www.instagram.com/foss.saiu/,"Students do not need prior experience in open source or advanced technical skills to join the club. Curiosity, willingness to learn, and active participation are most important. Members may be encouraged to create a profile on the FOSS United platform and join relevant communication channels to access events, resources, and opportunities from the wider FOSS community. The club will follow an inclusive and respectful Code of Conduct, with opportunities for students to contribute through coding, design, documentation, research, and community activities.","I confirm that the information provided above is accurate and represents the current activities, eligibility requirements, and selection process of the club."
07/09/2026 09:12:54,bharath.s-29@sol.saiuniversity.edu.in,Music Club,"Arts, Culture & Performing Arts",Bharath Shastry,,"This club is a place vocalists and instrumentalists across all styles and genres can come together and celebrate, share, and enjoy the one thing they all have in common, which is music.","Here at the music club, we encourage collaboration between fellow musicians and using each other’s talents to bring out the best music within themselves through bands, acapellas, and anything else that you can think of.","By joining this club, students will have the opportunity to bring out their talents to a public forum if that is what they want and a chance to render their own original compositions with a full band.",The functioning of the club and its events are considerably more at the discretion of the members themselves rather than the office bearers.,"Competitions / Hackatons, Performances, Events, Inter-College Events, Internal College Events",Based on Events/ Competitions,, ,Open to All Students,Preferred but not mandatory,"As a minimum standard, students must be able to execute a basic level of technical knowledge in their respective art form regardless of vocal music or instrumental. This proficiency will be sought after by pre-existing members during the audition rounds.",Yes,Audition,Performance,"During the auditions, the student will have to showcase a solo performance by singing if they’re vocalists or by playing their instruments. The students will be expected to perform for a few prescribed minutes (specifics will be mentioned later). The judging panel comprising of pre-existing members, will evaluate the performances based on various criteria such as technical proficiency, stage presence, etc. Later, the ",Varies depending on events,Depends on the activity,Encouraged but not mandatory,We have participated in major cultural events conducted by institutions like NIFT and IIT and our bands and singers have won various awards in these cultural programs., Instagram: @saiumusicclub,"Upon becoming a member, students will have to sign a form stating that they agree to follow the rules and policies of the club and that they will maintain the basic decorum during all club interactions.","I confirm that the information provided above is accurate and represents the current activities, eligibility requirements, and selection process of the club."
07/09/2026 10:07:31,anne.u-28@scds.saiuniversity.edu.in,Literature Club,"Arts, Culture & Performing Arts",Anne Usmani ,,"The Literature Club is about reading literary texts, understanding the true meaning of what would make literature important. It's about bringing different forms of literary and artistic media together and analyzing them. The club also involved writing your own meterial. The club also would have some hands on work on bringing self-written stories to life for some people who would want to.","The main purpose of the club is to: 
1) Read Literary texts and analyze literary media. 
2) Bring out creativity within club members via writing stories, poems, scripts, plays, etc. 
3) A technological aspect, bringing literary media into digital format for those intersted via digitization and transformation into videogames. ","It offers interested students a broader spectrum in literature. Literature is quite broad, so this club makes all types of literary media unique. It offers them a chance to write out their creativity and interesting ideas. It also offers students to explore new corners in literature outside of already explored media. And, for those intersted, the club also offers students to transform their written worlds into video games.","Literature is often associated with old scripts and books. What makes our club unique is the diversity of literary media. There would be debates about WHAT makes a good literary media, within the diverse pool. Such as romance novels, or an old play. Both can co-exist. Also, another factor this club adds it's the scope of bringing self-written stories to video games.","Workshops, Training Sessions, Performances, Exhibitions, Events, Talks/Guests Sessions, Discussions, Projects",Monthly,"We would try to conduct guest talks if necessary if not confirmed. Also, we would need an assigned classroom.","Students who read books. Any types of books. From Manga to Classic Literature, even those in different languages. Even cookbook. Students who are fans of their preferred reading meterial. Students who have also watch adapted media, such as movies, animated movies, etc. Students who consistently read their choice of preferred reading meterial. They should be open to other people's point of view, they should also be willing to interchange and participate in activities outside of their literary comfort zone to explore new ideas. This way, students can explore different corners they did not know they would appreciate.",Open to All Students,"No, beginners are welcome",Members should be preferably regular readers or watchers of their preferred literary media. They should also be willing to write creative ideas.,No — Open Membership,,,,2–4 hours per week,Yes,Yes,,Not Applicable ,,"I confirm that the information provided above is accurate and represents the current activities, eligibility requirements, and selection process of the club."
07/09/2026 11:22:51,isabel.a-27@sas.saiuniversity.edu.in,Sai U Fashion Club ,"Arts, Culture & Performing Arts",Isabel Alex ,,"The Fashion Club is a space for anyone who sees fashion as more than just clothes. Whether you’re into styling, photography, modelling, design, thrifting, makeup, trends, or simply putting together an outfit that makes you feel like you — there’s a place for you here.

Our club is all about creativity, self-expression, and having fun with fashion. We want to create a community where students can experiment with their personal style, discover new versions of themselves, learn from each other, and bring their ideas to life.

Expect fashion shows, photoshoots, creative shoots, activities, workshops, collaborations, and plenty of opportunities to get involved in university events. You don’t need to be a fashion expert or a runway model — just bring your ideas and your willingness to try something new.","To create a space where students can express themselves, experiment with their style, and turn their creativity into something real — while building a fun, inclusive, and active fashion community on campus. The club also provides a space for students to step outside their comfort zones and discover different areas of the fashion industry.","The club offers students opportunities to participate in and organise fashion shows, modelling events and other fashion-related activities. Members can explore areas such as modelling, styling, makeup, face painting, fashion photography, creative direction and event management. It also allows students to collaborate on creative projects, meet like-minded people, gain hands-on experience and develop skills such as confidence, communication, teamwork and stage presence.","Fashion with us goes beyond just modelling. We bring together different forms of creativity — from modelling and styling to makeup, face painting, photography and event production — to create complete fashion experiences. There is a role for everyone, whether you want to be in the spotlight, experiment with creative looks or work behind the scenes. Most importantly, the club encourages students to embrace their individuality, experiment with their creativity and have fun while doing it.","Workshops, Competitions / Hackatons, Training Sessions, Performances, Events, Projects, Inter-College Events, Internal College Events",Monthly,,"We welcome students who are interested in modelling, styling, makeup, face painting, fashion photography, creative direction and event planning, as well as those who simply love fashion and want to be involved. Confidence, enthusiasm, creativity, a willingness to participate and a willingness to step outside your comfort zone are always a plus. There are opportunities both in front of the spotlight and behind the scenes, so there’s a place for everyone to explore their interests, learn new skills and have fun.",Open to All Students,"No, beginners are welcome",,Yes,"Audition, Skill Demonstration, Portfolio Review",Creativity,"Models: A short 2–3 minute runway walk to showcase your walk, confidence, and presence.

Designers & Makeup Artists: You’re welcome to bring a portfolio of your work if you have one — but it’s absolutely not required!

No prior experience is necessary. We’re looking for creativity, confidence, and enthusiasm. Everyone is welcome to audition",Varies depending on events,Only during events/projects,Encouraged but not mandatory,"special mention at NIFT, competed in stella maris and organised and performed at MoSAIc 2026",instagram - @saiufashionclub,,"I confirm that the information provided above is accurate and represents the current activities, eligibility requirements, and selection process of the club."
07/09/2026 12:06:05,aditya.kb-28@scds.saiuniversity.edu.in,Turingites,Technology & Computing,K B Aditya,https://drive.google.com/open?id=1YPVNPbEVxK_iBEWCkKFS7G4beFzdFq2L,"Turingites is a computer science club and technology society where students explore computing, emerging technologies, and digital innovation through practical learning and collaboration.","Its purpose is to build student's technical skills, encourage creative problem-solving, and create a community where members can share knowledge, develop ideas, and grow together.","Turingites offers coding sessions, technical workshops, collaborative projects, competitions, talks, and opportunities to connect with other students interested in computer science and technology.","Turingites combines technical learning with a welcoming, student-led community. Members of all experience levels can learn from one another, turn ideas into practical projects, and explore technology beyond the classroom.","Workshops, Competitions / Hackatons, Training Sessions, Events, Talks/Guests Sessions, Discussions, Projects, Research Activities, Inter-College Events, Internal College Events",Monthly,,"Turingites welcomes students of all experience levels who are curious about computer science and technology. No previous technical skills are required only a willingness to learn, collaborate, share ideas, and participate in club activities. Members can explore areas such as programming, artificial intelligence, cybersecurity, web development, robotics, data science, and other emerging technologies.
",Open to All Students,Preferred but not mandatory,,No — Open Membership,,,,Less than 1 hour per week,Yes,Yes,,https://www.instagram.com/turingites https://www.linkedin.com/company/turingites/,,"I confirm that the information provided above is accurate and represents the current activities, eligibility requirements, and selection process of the club."
07/09/2026 12:17:51,aayush.r-28@scds.saiuniversity.edu.in,Basketball club,"Sports, Physical Activities & Games",Chandramouleshwar ,,Basketball,Practice for club tournaments,Exposure to competitive basketball,Coaching sessions with state level players,"Competitions / Hackatons, Training Sessions, Inter-College Events, Internal College Events",Once every Semester,NA,People who are interested in doing competitive basketball and are willing to participate regularly in inter College events.,Open to All Students,"Yes, prior experience is required",Basketball experience in School ,No — Open Membership,,,,Less than 1 hour per week,Depends on the activity,Encouraged but not mandatory,,NA,,"I confirm that the information provided above is accurate and represents the current activities, eligibility requirements, and selection process of the club."
07/09/2026 12:54:26,lavakushareddy.g-27@scds.saiuniversity.edu.in,Creators club ,"Arts, Culture & Performing Arts",POC - Lavakusha ,https://drive.google.com/open?id=1MbzNSnz2kJqUEkNMC8VsFD2eM7lB-4_V,"CRAFT is a creative community for students who are interested in Content creation, Reel making , Acting , Filmmaking , and Technical creativity like editing Dop , etc.","To create an better Ecosystem in campus 
","Connections - Collaborations - Opportunities -Hands-on experience - projects - etc 

To bring together students passionate about content creation, filmmaking, acting, photography, and creative technology, and provide a space to create, collaborate, and learn.","Think big - Plan Big - Create Big 

Collaboration of Small ideas & efforts  turning into big Results 

","Workshops, Competitions / Hackatons, Performances, Events, Discussions, Projects, Campaigns / Awareness Activities, Inter-College Events, Internal College Events, Based on students intrest and capabilities ","Usually bi - weekly , stays very active on events ",,"Skills , interest ",Open to All Students,Preferred but not mandatory,No to be pro but Need to have atleast minimum basic knowledge about the field they are interested in .,Yes,"Interview / Interaction, Skill Demonstration, Portfolio Review",All of the above,"Selections in starting may look open - membership 
But based on their work 
They will be assigned to different groups 
Like - beginner , advanced, pro ",Varies depending on events,Depends on the activity,Depends on the activity,,Insta : creators_club_saiuniversity,"Had interest ?? Join ..
Wanna explore?? Join ..
Very passionate?? Join ..

Just start , let's see where the club takes you !!
","I confirm that the information provided above is accurate and represents the current activities, eligibility requirements, and selection process of the club."
07/09/2026 13:02:47,ksherja.c-27@sas.saiuniversity.edu.in,Science Club ,"Science, Space & Innovation",Ksherja C Charie ,https://drive.google.com/open?id=1AHwj9qIEZpDbKdSzAfPrvLMnnDUiQRqV,The science club is a place for students to come together and collaborate on different fields of study,To bring together like minded people and people who are willing to share their expertise,A collaborative space where ideas can be shared and heard,"This club turns passive textbook learning into hands on adventure, where curiosity drives the projects and mistakes are just part of the fun of discovery.","Workshops, Competitions / Hackatons, Talks/Guests Sessions, Field Visits, Research Activities, Campaigns / Awareness Activities, Internal College Events",Monthly,,Keen interest in the vast domain of science ,Open to All Students,"No, beginners are welcome",No skill ,No — Open Membership,,,,Varies depending on events,Only during events/projects,Encouraged but not mandatory,"Conducted events for national science day, invited Mr Romulus Whitaker AKA Snake Man of India",saiusciencesociety - Instagram Handle,No,"I confirm that the information provided above is accurate and represents the current activities, eligibility requirements, and selection process of the club."
07/09/2026 13:27:43,rhia.k-27@sas.saiuniversity.edu.in,Sustainability Club,Environment & Social Responsibility,Shruthika Nair PJ,,"Our club stand for sustainable living. We aim to raise awareness about environmental issues, reduce waste, conserve resources, and inspire practical actions in the community. ","We hope to create awareness about the importance of caring for our planet.
Together, we want to inspire students to take meaningful action and make responsible choices. Lastly, we’d like to build a community that works together towards a better future.",We offer exposure to nature and hands-on activities for our members. Joining our club gives you an opportunity to engage with sustainable practices. We also foster a sense of belonging to fellow green-thumbs. ,"We provide excursion and volunteering opportunities in nature. This year we hope to broaden our horizons from farms and plant drives to scheduling beach clean-ups, community cooking and picnic discussions. What makes us especially unique is that we create a positive impact on the planet, while also providing the benefits of being part of a club. We bring people together to learn, take action, and make a meaningful difference. ","Workshops, Events, Talks/Guests Sessions, Discussions, Field Visits, Campaigns / Awareness Activities, Volunteering Opportunities ",Every alternate week,,"We’re looking for curious, enthusiastic students who want to leave a positive impact on the world. We value people who are open to new ideas, willing to share their own but mostly, excited to bring ideas to life. Most importantly, we’re looking for students who are ready to actively participate, volunteer, take initiative, and contribute both within and occasionally beyond college hours. Whether you love leading, creating, organizing, or simply helping out, there’s a place for you in our club.",Open to All Students,"No, beginners are welcome",,Yes,Interview / Interaction,Creativity,"The selection process will begin with a short form where students can share their interests, skills, ideas, and willingness to participate. Shortlisted students will then have a brief interaction with the committee to understand their motivation and enthusiasm for contributing to the club.",Varies depending on events,Yes,Depends on the activity,,@sustainabilityclubsaiu,,"I confirm that the information provided above is accurate and represents the current activities, eligibility requirements, and selection process of the club."
07/09/2026 14:40:16,nishith.v-28@scds.saiuniversity.edu.in,Dance club,"Arts, Culture & Performing Arts",Shailu brinda,,"A space for students to explore their passion for dance, creativity, and self-expression.","To develop dancing skills, confidence, and teamwork.","Practice sessions, workshops, performances, competitions, and college-event opportunities.","An energetic, inclusive community where everyone can learn, perform, and grow together.","Workshops, Competitions / Hackatons, Training Sessions, Performances, Events, Internal College Events",Monthly,,"Students who are passionate about dance, creative, energetic, and willing to learn and participate. All skill levels are welcome, with opportunities to explore different dance styles, choreography, performances, and competitions.",Open to All Students,"Yes, prior experience is required","Prior dance experience, basic knowledge of rhythm and coordination, and the ability to learn and perform choreography.",Yes,Audition,Performance,"Applicants will go through an audition where their dance skills, rhythm, coordination, creativity, and stage presence will be evaluated. Shortlisted students will be selected based on overall performance and potential.",Varies depending on events,Depends on the activity,Yes,"Participated in and won/secured prizes in various college dance competitions and events, representing the university at different platforms.",https://www.instagram.com/saiudanceclub?stkn=NHl5cHFqZHpmM2l3,"The club requires prior dance experience and active participation. Students should be committed, disciplined, and passionate about performing and learning.","I confirm that the information provided above is accurate and represents the current activities, eligibility requirements, and selection process of the club."
07/09/2026 17:36:10,karthik.s-27@scds.saiuniversity.edu.in,DOT.exe,"Sports, Physical Activities & Games",S Bhanu Karthik,,"Gaming, Esports",Conduct tournaments and fun events ,Get people who play different kinds of games together as a community. ,"Students can find new like minded peers, form groups, play games and have fun together 
","Competitions / Hackatons, Events, Inter-College Events, Internal College Events",Based on Events/ Competitions,,"People who play any kinds of games over a Mobile Phone, PC or other modes. ",Open to All Students,"No, beginners are welcome",NA,No — Open Membership,,,,Varies depending on events,Only during events/projects,Encouraged but not mandatory,1st and 2 place at SSN Valorant Cup (2024 and 25).,NA,,"I confirm that the information provided above is accurate and represents the current activities, eligibility requirements, and selection process of the club."
07/09/2026 22:13:05,anish.p-28@scds.saiuniversity.edu.in,Photography club ,"Arts, Culture & Performing Arts",Anish ,https://drive.google.com/open?id=1JqZRHdWZjguvHkpVrOVNOsMPRiB2HRC9,"A space for students who love photography, whether they’re beginners or already into it. We explore, learn, experiment, and capture the world from our own perspective.","The main purpose of the club is to help students explore photography, improve their skills, and express their creativity through images. It gives everyone a chance to learn, experiment with different styles, and gain practical experience while capturing moments around them.","It gives students a chance to practice photography, try new ideas, share their work, and capture the best moments around college. It’s a place to learn from each other, have fun, and improve together.","We’re not just about taking “good photos.” We’re about seeing differently. Everyone has their own way of looking at a moment, and the club gives you a space to turn that vision into a photograph.","Competitions / Hackatons, Training Sessions, Events, Field Visits",Ocassionally,,"Anyone who enjoys photography and wants to get better at it. You don’t need to be an expert or have an expensive camera — even if you just enjoy taking photos on your phone, you’re welcome. We’re looking for creative people who are willing to explore, participate, share ideas, and capture things from their own perspective.",Open to All Students,"No, beginners are welcome",,No — Open Membership,,,,Varies depending on events,Depends on the activity,Encouraged but not mandatory,,photographyclub_saiu,,"I confirm that the information provided above is accurate and represents the current activities, eligibility requirements, and selection process of the club."
07/09/2026 22:22:58,katelynbrisha.e-27@sas.saiuniversity.edu.in,Art Club,"Arts, Culture & Performing Arts",Katelyn Brisha,https://drive.google.com/open?id=1bbDyw8Cw8yyGTTOI3n-myKKsiEXlamdh,"The Art Club is about giving students of SaiU a place to be creative and make beautiful things, and also to network with other people who share the same love for art. ",We hope to host more events so that we can grow as a club and have more activities this year. ,"We want the club to feel like a space to be creative with their art, explore different types of art and have fun at the end of the day. ","The Art Club is ultimately a club for a shared hobby, which everyone enjoys and has fun doing. ","Inter-College Events, Internal College Events",Based on Events/ Competitions,,We are looking for people who have a love for art with willingness to participate in the club activities/events. ,Open to All Students,"No, beginners are welcome",,No — Open Membership,,,,"Depends on the week, will have more work during events. ",Yes,Encouraged but not mandatory,"• Collaborating with the SUSS for the Science conference week for merchandise production and decoration. 
• SSN Instincts 2023 Art marathon- Shruti, Jill, Priyanka, Shravanthi PLACED 2ND",instagram: @saiuartclub,,"I confirm that the information provided above is accurate and represents the current activities, eligibility requirements, and selection process of the club."
07/09/2026 22:29:16,anne.u-28@scds.saiuniversity.edu.in,Write-Code-Action (WCA),"Arts, Culture & Performing Arts",Anne Usmani,,"WCA’s main vision is to show that programing and creativity can go hand-in-hand. That both need not be mutually exclusive. Also, to bring Game Dev into an entirely new brand. The principle is simple: Write a storyline for a game, learn the code for it, bring it to life on screen, then bring it to life physically in “Action” mode in theatre format.","India’s gaming industry needs more creative game devs. China, Japan and Korea have the Otome culture, which amounts to BILLIONS of dollars right now. It is creating an entirely new vision for the future. 
After the introduction of AI, companies are looking for expert prompters. Think about it: we don’t want to just keep typing “yes” for every prompt in tools like Antigravity or Cursor. We need to learn when and how exactly to manipulate, because video games are niche to every person who builds one. 
Of course, there will be aspects of pure coding as well.
Write aspect: writing stories for the said games. (This part will also involve reading of texts, literary media, and watching adaptations of literary media.)
Code aspect: Will help in adeqeuete prompting and coding. 
Action aspect: Would help build confidence in projects.  ","It offers students a true experience of blending rigorous, grinding technology with the art of storytelling and reading. The club is called “Write Code Action”, so it is not exclusive to B.Tech CSE majors. If one SAS student has a write-only idea, they can ask a CS person for the code. If a SAS student has an action idea, they can collaborate with another SAS student for a write, and then collaborate with SCDS for code. Cross-collaboration works. ","What makes this club unique is that it truly plays into the role of a multidisciplinary format. It combines the rigorous, required programming and technology with the purity and creativity of the arts. This club is not exclusive to Arts or the Sciences; the whole purpose of this club is to push forward with the idea that yes, Art and Science can co-exist, and co-exist beautifully. ","Workshops, Training Sessions, Performances, Exhibitions, Events, Discussions, Projects, Research Activities",Bi-Weekly,,"1) Students must have a solid interest in any form of literary work. Manga, Novels, classics, anime, movies- anything. 
2) Must have patience to write and build stories, and write poems overall.
3) Since the club is Multidisciplinary, students are EXPECTED to be well interested in both tech and the arts. 
4) Students are expected to be open-minded to others' ideas, and also be willing to explore outside their comfort zone. 
5) They must have a strong willingness to participate. 
6) Since the club is taking students from all the schools, students should explore the club's themes apart from their schools. ",Open to All Students,"No, beginners are welcome",,No — Open Membership,,,,1–2 hours per week,Yes,Yes,,Not Applicable Yet,,"I confirm that the information provided above is accurate and represents the current activities, eligibility requirements, and selection process of the club."
07/09/2026 22:34:05,prakash.b-29@scds.saiuniversity.edu.in,Photography Club,Technology & Computing,Anish palacherla,https://drive.google.com/open?id=1OqANk50-CVU8ApDyXPzWBAYpP2-e8qHf,"The Sai University Photography Club is a creative community for students passionate about photography, visual storytelling, and capturing meaningful moments","Its main purpose is to encourage students to explore photography, develop their creative skills, and express their perspectives through visual storytelling.","The club offers photography walks, workshops, events, competitions, hands-on learning, and opportunities to showcase students' work.","The club brings together students of all skill levels, creating a supportive space to learn, experiment, collaborate, and capture the beauty of everyday life through photography.","Competitions / Hackatons, Events, Inter-College Events",Bi-Weekly,,"We are looking for students who are passionate about photography, creativity, and visual storytelling. Whether you are a beginner or already skilled with a camera, anyone with an interest in capturing moments is welcome. We encourage creative, curious, and enthusiastic students who are willing to participate in photo walks, workshops, events, and competitions. Members can explore different areas such as nature, portrait, street, event, and creative photography",Open to All Students,Preferred but not mandatory,"

No prior photography experience or technical knowledge is required. We welcome beginners as well as experienced photographers. All you need is an interest in photography, creativity, and a willingness to learn and actively participate in club activities.",Yes,Selection Test,Creativity,,Less than 1 hour per week,Depends on the activity,Encouraged but not mandatory,,photographyclub_saiu,,"I confirm that the information provided above is accurate and represents the current activities, eligibility requirements, and selection process of the club."
07/09/2026 23:00:14,elizaveta.d-28@scds.saiuniversity.edu.in,Theatre Club,"Arts, Culture & Performing Arts",Elizaveta Desai,https://drive.google.com/open?id=1lBXbDATchMl4t7WkYV8MOwJ0fjJEvgbK,"A space for students to explore theatre, acting, storytelling, and the performing arts.","To encourage creativity, confidence, collaboration and self-expression through theatre.","Opportunities to act, direct, write, perform and learn various aspects of theatre through workshops and productions.","It brings students together to create, experiment and tell stories, regardless of prior theatre experience.","Workshops, Performances, Events, Field Visits",Once every Semester,,"We’re looking for students who are curious about acting, storytelling and the performing arts, whether experienced or completely new to theatre. Anyone willing to participate, collaborate, experiment and step out of their comfort zone can find a space to explore and grow with us.",Open to All Students,"No, beginners are welcome","No prior experience or specific skills are required. We’re looking for students who are willing to put in the effort, participate wholeheartedly and put themselves out there.",Yes,Audition,Performance,"Applicants will be given a short script to read and perform. We’ll look at how they interpret and hold a character, their willingness to experiment, and how they express themselves.",Varies depending on events,Only during events/projects,Encouraged but not mandatory,"2025: Performed a play as part of Suicide Awareness Week, in Sai University.
2024: Participated in various cultural competitions and events.",https://www.instagram.com/thetheatreclub/,,"I confirm that the information provided above is accurate and represents the current activities, eligibility requirements, and selection process of the club."
08/09/2026 02:43:17,srisahanaa.m-28@scds.saiuniversity.edu.in,SaiU Martial Arts Club,"Sports, Physical Activities & Games",Sri Sahanaa Muralitharan,https://drive.google.com/open?id=16brXxBpD8xjfuAaehS0XkEiAZCLc8YI_,"The Martial Arts Club is a community for learning and practising martial arts while building physical fitness, self-defence skills, mental resilience, and self-discipline. The club welcomes members of all skill levels and focuses on Taekwondo and Silambam.","To help members become stronger, more confident, disciplined, and resilient through structured martial arts training, while equipping them with practical self-defence skills.","- Regular Taekwondo and Silambam training

- Self-defence training

- Improvement in strength, flexibility, endurance, agility, and coordination.

- Opportunities to participate in competitions

- Opportunities for certifications and professional workshops.

- A supportive community focused on sportsmanship and continuous improvement","The club combines modern martial arts training with the traditional Indian martial art of Silambam, giving members an opportunity to develop practical self-defence skills while connecting with a traditional combat discipline. It also provides structured progression, competitive opportunities, and a strong emphasis on discipline and personal growth.","Workshops, Competitions / Hackatons, Training Sessions, Performances, Events, Campaigns / Awareness Activities, Inter-College Events, Internal College Events, Tournaments and Selections",Monthly,,"Anyone interested in martial arts, fitness, self-defence, and personal development. Whether you are a complete beginner or already have experience, the club welcomes students who are willing to learn, train consistently, and develop discipline, confidence, strength, and resilience. Members can explore Taekwondo, Silambam, and competitive opportunities.","Open to All Students, Faculties",Preferred but not mandatory,"No prior martial arts experience is strictly required. However, basic knowledge and prior experience in martial arts are preferred. Members should be willing to learn, participate actively, and attend training sessions consistently.",No — Open Membership,,,,Varies depending on events,Yes,Encouraged but not mandatory,"The club is led by accomplished martial artists, with the President, Sri Sahanaa Muralitharan, being a National Taekwondo Medalist and State-level Silambam Player, and the Vice President, Rathinakumar S, being a National Silambam Player.

Our club also has members with Taekwondo Black Belts, International-level playing experience, and national-level Silambam experience. With members representing 5+ different martial arts disciplines, the club brings together a diverse range of skills and expertise.",https://www.instagram.com/saiu.martialartsclub?stkn=MWVseGJwMHRmY2Vl,"Members are expected to follow the club's training dress code. Wear comfortable and appropriate sportswear that allows you to move freely and perform physical activities without restriction, particularly as training will involve kicks and other physically demanding movements.

The club plans to host and participate in competitions and tournaments. Members who represent the club in competitions will be selected by the Martial Arts Club Management Team based on their skills, performance, and suitability for the competition.","I confirm that the information provided above is accurate and represents the current activities, eligibility requirements, and selection process of the club."
08/09/2026 09:29:54,dksh.s-27@sas.saiuniversity.edu.in,Oratory Club ,"Communication, Debate & Expression",Dksh Kamal Shahi,https://drive.google.com/open?id=1KWJekkrUXMJfflbVXD0rPhng9i4pKcA5,"The Oratory Club is about finding your voice and learning how to use it. It’s a space to speak, listen, question, and engage with ideas that matter. While debate is a part of what we do, the club goes beyond arguing a point; we want to explore the different ways people can express themselves and communicate effectively.","Our main purpose is to help students become more confident and thoughtful speakers. We want to create a space where people can develop their ability to articulate ideas, think on their feet, and engage in meaningful conversations, regardless of how experienced they are.","The club offers students opportunities to practise public speaking through debates, discussions, extempore speaking, workshops, and other activities. It also gives students a chance to engage with current and relevant issues, hear different perspectives, and learn from one another. Most importantly, it gives students a space to practise without feeling like they have to be a perfect speaker from the beginning.","What makes us different is that we don’t believe oratory belongs only to people who are already confident or good at debating. We welcome people at every level and focus on helping each person develop their own style of speaking. We want members to leave not just as better speakers, but as people who are more willing to question, listen, think, and speak up.","Workshops, Competitions / Hackatons, Training Sessions, Performances, Events, Talks/Guests Sessions, Discussions, Inter-College Events",Monthly,,"Students who are curious, outspoken, or even just curious about becoming more outspoken would enjoy the club. You don’t have to be confident or experienced in public speaking to join; being willing to participate and try is enough.

The club is a good fit for students who enjoy discussing ideas, keeping up with what’s happening around them, questioning different perspectives, or simply want to become better at expressing themselves. It’s also a space for students who want to work on confidence, communication, critical thinking, spontaneity, and the ability to think on their feet.

Whether someone enjoys debating, storytelling, extempore speaking, discussions, or simply wants to get comfortable speaking in front of others, there’s room for them here. Ultimately, we’re looking for students who are curious, open-minded, willing to listen, and willing to find their own voice.",Open to All Students,"No, beginners are welcome",,Yes,"Audition, Interview / Interaction",Communication Skills,"The selection process is simple and is mainly an opportunity for us to get to know how you communicate and express yourself. Applicants can expect a short, interactive speaking activity where you may be given a topic or question on the spot and asked to share your thoughts. We’re not looking for perfect speeches or professional debaters; we’re more interested in how you think, respond, communicate, and engage with others.

And don’t worry if public speaking makes you nervous. The whole point is to help you become more comfortable with speaking and find your own voice. If you’re unable to attend the selection in person, you can also submit a short video of yourself speaking on a topic of your choice.",Varies depending on events,Depends on the activity,Encouraged but not mandatory,,@oratoryclubsaiu on instagram,,"I confirm that the information provided above is accurate and represents the current activities, eligibility requirements, and selection process of the club."
08/09/2026 21:00:30,harshavardhan.r-29@scds.saiuniversity.edu.in,Entrepreneurship club,Entrepreneurship & Leadership,Rachuri Harsha Vardhan ,https://drive.google.com/open?id=1UDY8aDZ5TPVtjg6eslfc-hf2a4h4IbRX,"The Entrepreneurship Club is a space for students to explore business thinking, pitching, and startup ideas no prior experience needed. We run workshops, pitch competitions, and fun hands-on activities that build real skills like communication, creativity, and problem solving, while connecting members to entrepreneurs and events beyond campus","To make entrepreneurship feel accessible and exciting for every student — not just those with a business idea already. We aim to build practical skills like pitching, marketing, networking, and financial literacy through hands-on, low-pressure activities, while connecting students to real entrepreneurs, mentors, and opportunities outside the classroom.","Students get a mix of things: hands-on workshops (pitching, legal essentials, marketing, funding, financial literacy), fun competitive events like Sales Pitch Competitions and Shark Tank-style challenges, and exposure to real entrepreneurs through talks and podcasts. It's also just a fun, low-pressure space to test ideas, meet like-minded people, and build confidence speaking and pitching in front of others all without needing prior experience.","What makes the club unique is that it doesn't require you to already have a business idea or be ""the entrepreneurial type"" to join in. The events are built to be fun and low-stakes first silly pitch challenges, idea generator games so anyone can jump in, while still building real skills like pitching, marketing, and networking underneath the fun. It also blends campus energy with real-world exposure talks and podcasts with actual entrepreneurs so members get both community and credibility, without ever feeling intimidating.","Workshops, Training Sessions, Events, Talks/Guests Sessions, Discussions, Projects, Research Activities, Internal College Events",Monthly,We're excited to bring fresh energy to the club and keep making entrepreneurship fun and approachable for everyone.,"We're looking for curious, open-minded students who enjoy creative thinking and aren't afraid to pitch an idea on the spot no business background needed. It's a great fit if you like public speaking, teamwork, or want to build confidence, with chances to explore pitching, marketing, and basic startup thinking along the way.",Open to All Students,"No, beginners are welcome",,No — Open Membership,,,,Varies depending on events,Only during events/projects,Yes,"1.Sales Pitch Competition
2.Shark Tank-style event
3.Round Table Meeting with the Chancellor
4.IPL Auction
5.Maker's Expo 2025
6.Workshop with Pooja Srinivasan
7.Podcast with Nirmal Kumar D",https://www.instagram.com/saiu_entrepreneurshipclub?stkn=YjM0bmdtbnByb3Rv,"Join us to think big, pitch bold ideas, and grow as a future entrepreneur no experience needed, just curiosity and enthusiasm!

","I confirm that the information provided above is accurate and represents the current activities, eligibility requirements, and selection process of the club."